ticker,market_cap,universe_rank
NVDA,5001898000000,1
AAPL,4865774169240,2
GOOGL,4367818000000,3
GOOG,4365031320000,4
MSFT,3006881799485,5
AMZN,2721064617383,6
TSM,2103392250322,7
AVGO,1790235561802,8
SPCX,1719418214033,9
META,1694778318916,10
TSLA,1463605592529,11
LLY,1103735053953,12
MU,958318323452,13
JPM,919303926161,14
WMT,917725688155,15
AMD,806796737168,16
ASML,691874812971,17
V,685645842997,18
XOM,605328083538,19
JNJ,601685085510,20
INTC,484581790000,21
MA,484283475087,22
ABBV,445744160810,23
AMAT,444768133092,24
BAC,436156461410,25
CSCO,429439013925,26
COST,417996511922,27
CAT,402790228275,28
LRCX,396881212560,29
CVX,366543604586,30
KO,364669352504,31
ORCL,362996955420,32
GE,353247904340,33
PG,350943151974,34
HSBC,345836405844,35
HD,344264505627,36
MS,341513708577,37
GS,322801545170,38
PLTR,321095966199,39
MRK,316310412829,40
NFLX,312714952682,41
RY,300546287200,42
PM,291995999798,43
NVS,291699147169,44
PANW,288518150000,45
KLAC,287151948038,46
TM,283677974782,47
GEV,274568685691,48
WFC,268852947995,49
MUFG,264709292071,50
TXN,264695937798,51
AZN,263080643676,52
RTX,260152304621,53
DELL,257292391347,54
AXP,245037072210,55
LIN,239506285322,56
CCZ,237659127755,57
NVO,228237678653,58
C,224880321517,59
ANET,211564923663,60
SNDK,209975727419,61
TMUS,209709630060,62
CRWD,207918362383,63
IBM,205853674026,64
TD,203685551300,65
SAN,200435764605,66
TMO,199813429301,67
AMGN,199570627018,68
SAP,197715471098,69
MCD,192987601422,70
PEP,190279532101,71
APH,188576486902,72
NEE,185553682755,73
ADI,185090639765,74
VZ,184058636753,75
QCOM,180044280000,76
SCHW,177878779656,77
UNP,177039342984,78
TTE,172367082516,79
ABT,172204285793,80
DIS,171984091433,81
TJX,171328612530,82
BA,169749082446,83
WELL,169687715491,84
GILD,168332043517,85
BLK,167887887613,86
STX,167709832276,87
UBS,165894131770,88
SHOP,165053929309,89
MRVL,164306917451,90
DE,160520989151,91
BUD,160117482654,92
WDC,158819185501,93
IBKR,155793127665,94
T,153697255030,95
ETN,153475575000,96
UBER,149372255574,97
APP,148293154350,98
BBVA,146606316216,99
SCCO,145999145265,100
DHR,143974700944,101
PFE,143056048642,102
BKNG,142531139518,103
CRM,142243920000,104
ISRG,141870551248,105
PLD,141168521040,106
COP,137253002829,107
CVS,136907000041,108
BTI,136163936746,109
SPGI,134904960000,110
HDB,134859998459,111
GLW,134207862431,112
CB,132748999880,113
COF,129616658997,114
MFG,129098649599,115
BMO,128542146136,116
SYK,126252199749,117
ENB,123122167535,118
SBUX,123121791000,119
VRTX,123105779462,120
BMY,122677430164,121
MO,120866727589,122
PH,120766173816,123
LOW,120058591619,124
LMT,118951223821,125
PGR,118906627059,126
FTNT,118634090713,127
RIO,114004342077,128
PBR,113710844793,129
VRT,111161091350,130
CM,110106228413,131
BNS,109527575501,132
BNY,109422547354,133
NOW,108626160000,134
BN,108225105206,135
SO,107748901688,136
SNY,107687606848,137
BP,107544580873,138
HWM,107422857573,139
MDT,106762169072,140
IBN,105409757441,141
TT,104709558345,142
ADP,103411152006,143
PNC,102210245783,144
CDNS,101216197520,145
MCK,101188972172,146
EQIX,99299824099,147
GD,99242470025,148
USB,98993192737,149
SPOT,98515564073,150
BCS,98037949615,151
DUK,97893896969,152
MAR,97444812187,153
WM,97402198648,154
MNST,97272686621,155
NEM,96885751097,156
NET,96853294287,157
HOOD,96178442613,158
ACN,95981293096,159
ING,95199956166,160
BX,95066328902,161
SNOW,95013458000,162
CSX,94291256248,163
PWR,94174748309,164
MELI,94097518595,165
DDOG,93651345925,166
ADBE,93547650000,167
KKR,91681806006,168
WMB,91443702574,169
CEG,90344470458,170
MCO,90158302500,171
MPC,89875612451,172
RACE,89385527551,173
VLO,89355982087,174
CNQ,89310891180,175
EQNR,89259675771,176
ABNB,89061706472,177
CMI,88875308328,178
CME,88872253445,179
MRSH,87291527691,180
CMCSA,86540086896,181
JCI,85721242222,182
HCA,85520352099,183
MMM,84040132765,184
SHW,83047762892,185
FCX,83033457802,186
CP,82837780197,187
CTAS,82600256345,188
EPD,82278599846,189
ELV,81857187517,190
DASH,81557830384,191
INTU,80893097010,192
ITW,80817807000,193
PSX,80796425230,194
BAM,80714151593,195
SNPS,80585988720,196
ICE,80393256289,197
AMT,79006146641,198
MDLZ,78520856186,199
AON,77964129463,200
RCL,77784589469,201
CNI,77644721796,202
EMR,77086563000,203
ECL,76864803359,204
CVNA,76328799147,205
NSC,75930739858,206
E,75805571596,207
FDX,75674132665,208
CI,75563681203,209
CL,75297814071,210
ROST,74867095328,211
NOC,74266463931,212
EOG,73955471391,213
SPG,73798655274,214
HLT,73430258872,215
TRP,72704911672,216
KMI,72696181610,217
AEP,72248986674,218
SU,71984130447,219
MFC,71870769985,220
ORLY,71277783945,221
REGN,71049936182,222
HON,70984990768,223
TRV,70774533171,224
APO,70535476422,225
SLB,70447116986,226
CRH,70167588930,227
GM,69320020192,228
RSG,69221342934,229
AEM,68632107171,230
MSI,68484797266,231
TDG,68367059165,232
NXPI,68019495749,233
DB,67796249000,234
WBD,67792976422,235
NU,67275358171,236
TFC,66909946464,237
BSX,66856255951,238
PCAR,65896298733,239
APD,65815503554,240
NKE,65684744349,241
GWW,65672032135,242
HONA,65660439701,243
DLR,65302262589,244
AJG,65230763500,245
MPWR,63914690900,246
TGT,63891063725,247
D,62718362065,248
AFL,62414273853,249
ALL,61765577944,250
O,61051964426,251
SRE,60572527777,252
TRGP,60033753230,253
HPE,60032766625,254
MET,59994109618,255
COR,59754565553,256
BE,59428544453,257
OKE,59019609418,258
FIX,58562928579,259
TEL,58189427531,260
B,58140140092,261
CARR,57932757383,262
CTVA,57548616900,263
DAL,56719986338,264
PSA,56413381577,265
F,56343155319,266
BKR,56175889968,267
STM,55912404442,268
CIEN,55415137905,269
ALAB,54920817735,270
LITE,54656834000,271
LNG,54271838293,272
COHR,54073730128,273
AME,53933758401,274
FANG,53894001439,275
MDLN,53782393434,276
NUE,53769638295,277
FITB,53766932585,278
OXY,53680434813,279
CAH,53566392126,280
NDAQ,53415328371,281
KEYS,53186056429,282
FAST,52924416312,283
LHX,52918012306,284
ETR,52244889243,285
EA,52008365296,286
ROK,51555447904,287
CVE,51337500000,288
VST,51120233973,289
STT,50765993028,290
TER,50465279475,291
PYPL,50465255255,292
EW,50431443000,293
MT,49952687501,294
DVN,49821247207,295
XEL,49791740106,296
AZO,49756988356,297
EBAY,49487468383,298
ODFL,49005646206,299
XYZ,48367185808,300
GRMN,48233337121,301
CCEP,47808890019,302
HEI,47700165314,303
HUM,47672879836,304
EXC,47650803173,305
DEO,47609050008,306
AMP,47508361467,307
WPM,46821976315,308
PCG,46738647466,309
MSCI,46174856000,310
ADSK,46063410000,311
VTR,45894421851,312
FER,45699956407,313
IDXX,45648801534,314
SLF,45201923036,315
FERG,45133962335,316
TTWO,44970322445,317
WCN,44701387529,318
FLEX,44560297557,319
MCHP,44521256256,320
WAB,44368929206,321
NBIS,44231604377,322
CMG,43972121520,323
FMX,43939392335,324
BDX,43656625254,325
TRI,43513675762,326
KB,43496690679,327
AXON,43316362201,328
VIK,43223414341,329
DHI,43155145506,330
KDP,42782792566,331
COIN,42372311798,332
LYV,41932088511,333
YUM,41825517404,334
CBRE,41664871026,335
AIG,41377293487,336
RKT,41295526793,337
ED,41197935722,338
PAYX,41131793139,339
ARES,41011604579,340
PRU,40758620000,341
ADM,40167461851,342
CBRS,40149872404,343
CRWV,39731160447,344
RBLX,39507707149,345
PEG,39412239684,346
SYY,39313783117,347
NTRA,39218100207,348
CRDO,38766890215,349
RKLB,38679982566,350
BIDU,38628884376,351
AU,38368761362,352
FNV,37991655000,353
A,37972974871,354
VMC,37940328374,355
RVMD,37870870758,356
CCJ,37852171118,357
ALNY,37721974813,358
HBAN,37451237595,359
HMC,37310383537,360
HIG,37240671897,361
MTB,37118697133,362
WEC,37008951534,363
WAT,36941446085,364
BAP,36857710523,365
KVUE,36624165342,366
ROP,36614331606,367
IRM,36552394684,368
PUK,36527140962,369
RDDT,36360621404,370
WDAY,36311470000,371
KMB,36234609370,372
CCL,36220370952,373
KR,35662198285,374
HSY,35615239256,375
ALC,35293811000,376
IQV,35204217000,377
QSR,35110560624,378
TKO,34920684080,379
CLS,34813281934,380
ACGL,34799202965,381
CCI,34632464851,382
NTRS,34626042917,383
MLM,34604838973,384
ESLT,34255456967,385
ON,34158282128,386
STLD,34070269511,387
RPRX,33594050781,388
EME,33304655340,389
MSTR,33227714984,390
RJF,32797840207,391
CHT,32755818015,392
IR,32660972166,393
UI,32610812450,394
VEEV,32528764485,395
EXPE,32393058417,396
ZTS,32341353163,397
CNC,32302965248,398
NTR,32262792858,399
JBL,32182210774,400
TWLO,32177576059,401
VG,32048218587,402
GFS,32043346431,403
EXR,31523300565,404
CFG,31263661972,405
KHC,31251169649,406
AEE,31145626865,407
NTAP,31130696801,408
EQT,30867339300,409
DTE,30773628342,410
BIIB,30733618646,411
CASY,30675963559,412
CPNG,30408387565,413
LVS,30176503781,414
DXCM,30069151733,415
SUNB,29973986720,416
EIX,29925424792,417
EL,29924057420,418
FTS,29656996959,419
PBA,29619520770,420
XYL,29566693594,421
ATO,29521439719,422
GEHC,29476987733,423
HAL,29343345442,424
RMD,29295587313,425
FICO,29023186950,426
DOV,28987215978,427
TDY,28961039101,428
VICI,28943992313,429
TPR,28942905281,430
FTI,28778302925,431
TPL,28725090701,432
OTIS,28701962485,433
ILMN,28678915000,434
FE,28340235419,435
AMRZ,28219296327,436
Q,28211598231,437
DG,28153473757,438
ES,28106340668,439
CNP,28031162218,440
NRG,28021113081,441
JBHT,27865414487,442
WTW,27634533298,443
ZM,27584354747,444
CRS,27567316534,445
TECK,27536784188,446
RF,27508689407,447
FISV,27329266783,448
KGC,27297126000,449
PPL,27167371572,450
CINF,27136695149,451
TSEM,26964033367,452
MTD,26926628333,453
AFRM,26915797669,454
WSM,26896999647,455
PHG,26788524870,456
MTZ,26762794732,457
MDB,26706617041,458
VRSK,26582366008,459
LPLA,26449932218,460
ECHO,26364333003,461
PPG,26255391000,462
EQR,26214455064,463
AER,26203051203,464
OKTA,26083271266,465
CPRT,26056964161,466
AWK,26028940644,467
KEY,25950941842,468
WRB,25809945830,469
WST,25600569000,470
TROW,25552364099,471
SYM,25527647149,472
MRNA,25507404660,473
XPO,25445091082,474
VRSN,25239305000,475
ATI,25215640797,476
HUBB,25187561425,477
FCNCA,25153466638,478
FWONK,25026739029,479
DLTR,24848174228,480
SYF,24728258341,481
NVT,24667220544,482
ONON,24522760718,483
CPAY,24406140555,484
ROIV,24397651459,485
MKL,24363630253,486
PFG,24314353943,487
PHM,24313678097,488
LUV,24243176165,489
CHRW,24205818540,490
ZS,24017098653,491
TW,23987324514,492
OMC,23903469659,493
TEAM,23793274741,494
FOXA,23765737976,495
EXPD,23696737477,496
BRO,23600938169,497
CHD,23398180698,498
L,23332132509,499
INSM,23325815014,500
SW,23270471141,501
WWD,23228974189,502
INCY,23225833360,503
STZ,23188295769,504
VLTO,23091242989,505
FWONA,23077026621,506
DGX,22969509018,507
CMS,22925232584,508
DRI,22877221499,509
RL,22861121244,510
LH,22857910000,511
FSLR,22801066362,512
FFIV,22713260457,513
BG,22648704655,514
RIVN,22617285600,515
P,22527082242,516
BURL,22430713952,517
SOFI,22409488764,518
MKSI,22211549101,519
GPN,22017516878,520
FIS,22008714250,521
IOT,21944861688,522
BSP,21917035854,523
NI,21893730871,524
ROL,21853635664,525
HPQ,21815938770,526
SN,21740360622,527
USFD,21722664148,528
FOX,21412694612,529
STE,21388120550,530
DOW,21355568808,531
EFX,21347301486,532
SNA,21318042491,533
INIO,21315000000,534
EXE,21229168060,535
ROKU,21193002806,536
RBA,21016293368,537
GH,21009132751,538
CTSH,20992417477,539
ASTS,20900508202,540
MTSI,20878338555,541
GIS,20827970154,542
AMCR,20694593084,543
LEN,20656758427,544
ULTA,20628420883,545
PKG,20627227767,546
BCE,20590170039,547
FTAI,20502745699,548
ENTG,20415175000,549
TSN,20414702081,550
BCH,20238772218,551
RS,20218277623,552
VTRS,20187520257,553
AS,19986799150,554
IP,19862181695,555
EVRG,19847171453,556
CX,19797864462,557
SBAC,19656658941,558
IFF,19625177970,559
SNX,19557510945,560
STRL,19536212614,561
YPF,19488648893,562
LNT,19463757508,563
WIT,19456005110,564
DKS,19337023119,565
LII,19334862221,566
FLUT,19273426162,567
ESS,19156117726,568
SQM,18986345098,569
FTV,18919674963,570
CHTR,18896337651,571
LYB,18828035809,572
RCI,18794402632,573
EWBC,18588337809,574
MGA,18464785461,575
RBC,18327945237,576
CF,18249621458,577
DD,18198113404,578
INVH,18121249868,579
BBY,18091196260,580
ZBH,18019095573,581
ULS,18010672141,582
NVR,17881189655,583
NWS,17838552675,584
PFGC,17753509511,585
BR,17711911603,586
TOST,17687100000,587
FDXF,17631057994,588
WY,17579028340,589
PAAS,17577597709,590
H,17567895200,591
APG,17541401275,592
TLN,17509088867,593
KIM,17409372480,594
CDW,17347002344,595
NBIX,17316718072,596
ITT,17310101820,597
BEN,17309113866,598
AKAM,17300141742,599
STLA,17283487264,600
GPC,17264999170,601
LSCC,17225997861,602
AEG,17142375580,603
NLY,17140048520,604
THC,17066754495,605
MAIR,17040604708,606
SSNC,17029374898,607
TPG,17005821222,608
SITM,16937449553,609
IEX,16824361470,610
CG,16814405485,611
ARXS,16799103969,612
KSPI,16699211613,613
BALL,16680343914,614
EMA,16670753479,615
WPC,16591835931,616
FN,16574479427,617
RBRK,16574345277,618
TU,16573930767,619
PR,16557372652,620
LAMR,16470423643,621
GEN,16401261675,622
CLH,16380420309,623
NDSN,16303071585,624
ASND,16288902371,625
TSCO,16263182592,626
HST,16224790167,627
TIGO,16220465360,628
MAS,16094373384,629
NXT,16039607573,630
RGLD,16029603786,631
OVV,16023436000,632
BBIO,15922778635,633
WSE,15879035262,634
WCC,15871463156,635
BWXT,15836508226,636
SGI,15731375269,637
VNOM,15696516929,638
NWSA,15681612440,639
QXO,15666353750,640
PNFP,15665243200,641
WSO,15646645385,642
J,15636269997,643
BSAC,15629250641,644
AMKR,15611011184,645
RGA,15600649505,646
TXT,15598711041,647
DINO,15593825301,648
YUMC,15544050390,649
JHX,15538516963,650
TRU,15519436000,651
JLL,15458339190,652
DOC,15356823862,653
CRCL,15347084092,654
MEDP,15300853382,655
NTNX,15259592733,656
CDE,15238343583,657
JAZZ,15234531143,658
GRAB,15212787415,659
DECK,15167883719,660
DVA,15133224000,661
OWL,15021449727,662
DTM,15015458028,663
REG,15007528392,664
QNT,15003207670,665
BNT,14987553619,666
ARMK,14985723612,667
SMCI,14960284740,668
WMG,14855610237,669
PTC,14766837850,670
KEP,14765173771,671
OHI,14753111080,672
EG,14663257121,673
CRBG,14517262251,674
LOGI,14478656413,675
CHKP,14381124007,676
GIB,14369637496,677
TOL,14351537340,678
GFL,14322451770,679
UNM,14318347300,680
NVMI,14259748218,681
COO,14233335377,682
CSL,14222057936,683
GL,14208991263,684
ALLY,14207343924,685
HRL,14195374367,686
MKC,14187296399,687
TLK,14151037641,688
RRX,14108755302,689
SOLV,14094689810,690
EXEL,14080911750,691
LECO,14041662357,692
SWK,14021314595,693
UHAL,14018890014,694
ONTO,13960034643,695
FNF,13942360572,696
ALB,13917468165,697
PS,13888000000,698
CNA,13878262103,699
LDOS,13787344928,700
ARCC,13771678167,701
EQH,13770520962,702
KLAR,13654221056,703
AIZ,13608010764,704
TTMI,13510903061,705
PAG,13502595753,706
RPM,13497781496,707
TYL,13473134384,708
IVZ,13454052690,709
RNR,13390185517,710
SNN,13353412974,711
PAC,13351315881,712
EVR,13305614021,713
DT,13189276918,714
CNH,13162074950,715
UDR,13149336477,716
IONQ,13139102170,717
PNW,13135476923,718
PINS,13132888532,719
AGNC,13103612640,720
MLI,13025218211,721
ICLR,13009554191,722
ELAN,12933246952,723
TXRH,12907981794,724
JBS,12904066199,725
CCK,12884384940,726
LULU,12870501116,727
TFII,12850822297,728
BWA,12813530364,729
ELS,12788242245,730
GNRC,12774503777,731
GLPI,12773776628,732
ALGN,12761275959,733
BEPC,12736870278,734
GDDY,12592176450,735
CR,12590291919,736
IREN,12574368645,737
DKNG,12566942935,738
GGG,12562131317,739
PEN,12548297832,740
KNX,12539661980,741
GWRE,12533413037,742
ENLT,12506737741,743
ZBRA,12496620391,744
DY,12462753510,745
APTV,12455984219,746
TRMB,12441161769,747
RVTY,12427758712,748
FIG,12427416997,749
MDGL,12412590414,750
AMH,12390064541,751
DOCN,12382810076,752
AVY,12376144293,753
AA,12372476789,754
CSGP,12371136386,755
WBS,12369912990,756
NYT,12364691577,757
SKM,12328261200,758
APA,12185886076,759
AIT,12181125523,760
SJM,12159816101,761
IESC,12154417835,762
COKE,12128680010,763
AXSM,12115172709,764
ALLE,12051645147,765
W,12038080709,766
SF,12013659539,767
SEIC,12008655289,768
BAX,12007904436,769
CLX,11979678244,770
MGM,11968720773,771
MOH,11925429500,772
FPS,11924479582,773
EGP,11920759583,774
FHN,11920026373,775
SMTC,11905650782,776
BJ,11853832813,777
MOD,11843963061,778
AGI,11803127876,779
HUBS,11711960606,780
WTS,11685141956,781
WMS,11636301895,782
OC,11620333066,783
EMBJ,11611238039,784
SAIA,11584241733,785
BMRN,11577737836,786
AFG,11568075336,787
PODD,11550923360,788
DRS,11542795504,789
HAS,11531491398,790
MICC,11525789587,791
AUR,11502456117,792
CPT,11498452143,793
BROS,11326812448,794
WTFC,11240843015,795
BXP,11240763905,796
BPOP,11232142874,797
TECH,11230676509,798
UMBF,11210661169,799
EHC,11155928537,800
RYAN,11138291987,801
MUSA,11133944211,802
WTRG,11107067614,803
FIVE,11040546257,804
RMBS,11019156937,805
SCI,11010085640,806
GMED,10981740243,807
CART,10968841419,808
DPZ,10959120928,809
CRL,10957676898,810
JKHY,10919083870,811
AEIS,10877528515,812
AHR,10805939810,813
JEF,10801154968,814
AM,10796295400,815
FRT,10790010705,816
SMMT,10769256699,817
PSO,10754099246,818
ZION,10746528150,819
SPXC,10743348225,820
HII,10713167405,821
SANM,10647726035,822
RDY,10633529798,823
PNR,10623140238,824
ERIE,10583421683,825
AES,10561865730,826
SIRI,10549668794,827
FROG,10544683171,828
R,10543979498,829
DCI,10542110543,830
ONB,10528664250,831
CGNX,10501899455,832
VMI,10464346162,833
VICR,10448170113,834
ARW,10445642489,835
PAYP,10421232848,836
PSKY,10408309439,837
AR,10399645340,838
AAL,10360598171,839
CACI,10356845610,840
HUT,10330509776,841
GSAT,10265765690,842
CFR,10264491481,843
DOCU,10246087665,844
WYNN,10199121859,845
SSB,10158453152,846
OGE,10156712208,847
ENSG,10153427115,848
LINE,10125817383,849
BSY,10110353311,850
APGE,10108584347,851
HSIC,10098720508,852
SFD,10092691796,853
CYTK,10076549114,854
AYI,10074209632,855
KRYS,10063504306,856
ORI,10048173605,857
LFUS,10011118426,858
ARWR,9918447134,859
GME,9904859498,860
WLK,9902622342,861
AMG,9895947947,862
BRX,9895480898,863
GIL,9881255652,864
CORT,9852192539,865
CTRE,9848855397,866
HLI,9835437897,867
DAR,9792309471,868
PRI,9766690298,869
HL,9675026413,870
COLB,9644371543,871
ADC,9644259578,872
MAAS,9612897066,873
MANH,9584369701,874
TEM,9561823843,875
LTH,9506249926,876
IT,9496455936,877
ALSN,9489534946,878
MTCH,9489282278,879
TKR,9470711823,880
LEVI,9450005550,881
BMNR,9431444670,882
CUBE,9430127690,883
FRHC,9388184632,884
HMY,9375519283,885
KYMR,9374897304,886
SOLS,9353571680,887
FCFS,9344666568,888
ALV,9313747881,889
NNN,9313599505,890
GGB,9312803446,891
FDS,9305902154,892
ESI,9302140856,893
VSAT,9290785873,894
LLYVK,9289687196,895
ENJ,9289412700,896
MSGS,9285793328,897
UHS,9277195791,898
GKOS,9244717591,899
HALO,9210892515,900
EMP,9209292088,901
OSK,9174683363,902
EAI,9161219721,903
WAL,9146457607,904
PRMB,9140659077,905
TTD,9129504371,906
VIRT,9115200574,907
AAON,9106124801,908
TTC,9104419598,909
FR,9076434079,910
COMP,9074173732,911
VOYA,9023111669,912
IONS,9022509245,913
ACM,8969614587,914
SAIL,8966993028,915
BRKR,8962818636,916
NCLH,8934283324,917
PB,8931571424,918
LLYVA,8921669480,919
WULF,8904077438,920
CRNX,8843270245,921
GLXY,8839511768,922
CNM,8829351597,923
KTOS,8802094289,924
OSCR,8799073205,925
CHWY,8798526208,926
SARO,8783909500,927
SNEX,8779480727,928
ALKS,8769647585,929
FLS,8768839711,930
ARE,8732643643,931
ALGM,8730442739,932
JXN,8691385620,933
BOKF,8676071757,934
XP,8668767180,935
CBSH,8640212155,936
KT,8597449947,937
ATR,8588299924,938
POWL,8575281542,939
VIAV,8563367121,940
SWKS,8560355384,941
QGEN,8535616269,942
RRC,8531881673,943
REXR,8525373355,944
DDS,8522569108,945
PRAX,8511668490,946
PTGX,8487171895,947
ASR,8445300000,948
TGTX,8437966930,949
SYRE,8400131965,950
KMX,8399717772,951
FRO,8394641636,952
RGEN,8387548899,953
VLY,8386779920,954
AGCO,8368253465,955
BLDR,8358477964,956
AOS,8350347185,957
CHYM,8346224240,958
TTEK,8321659473,959
IDA,8318438321,960
AXS,8303448071,961
FORM,8299065027,962
HQY,8268253327,963
ESE,8240423734,964
HBM,8190616025,965
IAG,8167808000,966
KNTK,8090395711,967
PCVX,8054502702,968
BIRK,8051407132,969
ETSY,8050996238,970
BIO,8041057351,971
STN,8039441808,972
ZWS,8038220049,973
STAG,8004799628,974
EAT,7996428446,975
MP,7987856024,976
IMVT,7982410693,977
LNC,7967853919,978
AAOI,7952860637,979
SSD,7950804073,980
TRNO,7949653089,981
HIMS,7945942669,982
EDU,7921002120,983
CAE,7898492536,984
UGI,7889688602,985
RHP,7887396815,986
JAN,7886329057,987
SOBO,7870940900,988
EMN,7855842252,989
SNAP,7846657022,990
TAP,7817140685,991
PL,7808850625,992
NFG,7795750745,993
BAH,7786492103,994
AG,7764526457,995
Z,7749517305,996
KNSL,7745071191,997
ZG,7739221223,998
CAVA,7733281669,999
CELH,7720338872,1000
AVTR,7711722266,1001
CBC,7704949886,1002
HXL,7699984079,1003
LAD,7691718911,1004
RSI,7676536313,1005
VNO,7651816714,1006
KEX,7644080000,1007
BVN,7632305353,1008
AVAV,7615749395,1009
AGX,7610208041,1010
POOL,7557003317,1011
MBLY,7516511308,1012
TEX,7489807000,1013
SGHC,7486511471,1014
APLD,7437152252,1015
TTAN,7426701525,1016
RAL,7425645038,1017
ACI,7424501036,1018
GAP,7406566546,1019
CMC,7362602616,1020
HR,7332396590,1021
GJS,7323556105,1022
FAF,7310815500,1023
QRVO,7310437296,1024
SM,7309937893,1025
CIFR,7304841465,1026
YOU,7304832802,1027
MAC,7294564922,1028
VFS,7287654671,1029
EGO,7281853519,1030
FSS,7279094197,1031
JOBY,7274038891,1032
RYTM,7272680255,1033
THG,7231558952,1034
MIRM,7229934273,1035
PAYC,7224023864,1036
JBTM,7212172979,1037
SLAB,7202570507,1038
DBX,7199658028,1039
LSTR,7192441238,1040
PBF,7189605722,1041
PACS,7176069528,1042
OKLO,7166688755,1043
MOS,7164263356,1044
LEA,7152828711,1045
LGN,7142927874,1046
ACA,7117745371,1047
EPRT,7087461175,1048
NEU,7080083145,1049
ENS,7069110497,1050
GBCI,7056334700,1051
OMF,7036990286,1052
CHRD,7028671502,1053
BZ,7018448486,1054
RIOT,7017898895,1055
SFM,7007240868,1056
NOV,6994736475,1057
AXTA,6994133338,1058
MSM,6973946078,1059
RRR,6973806602,1060
AVT,6965895079,1061
AN,6965679414,1062
CAG,6958868434,1063
FLR,6948577326,1064
FNB,6930618087,1065
MHK,6911477112,1066
FSV,6908759590,1067
PPC,6906873947,1068
PCTY,6897010111,1069
IFS,6891650750,1070
FIGR,6875682519,1071
FRVO,6874067243,1072
ECG,6837278332,1073
MATX,6835415963,1074
PCOR,6833063432,1075
NPO,6831729338,1076
CRUS,6827261800,1077
CROX,6815183671,1078
LNTH,6814002542,1079
CAMT,6811923148,1080
GOLF,6807201432,1081
S,6790941753,1082
CPB,6787174091,1083
MXL,6782210935,1084
VFC,6773871870,1085
AWI,6769802120,1086
IDCC,6766616268,1087
GTES,6761478083,1088
TMHC,6740338098,1089
LQDA,6737192780,1090
SNDR,6728275913,1091
RYN,6726211642,1092
SWX,6692504506,1093
HNGE,6691059755,1094
RIG,6689700064,1095
MORN,6672015758,1096
CHE,6665923176,1097
MBGL,6649600000,1098
PJT,6647069729,1099
CACC,6641099078,1100
CORZ,6637540263,1101
MTDR,6634221777,1102
BYD,6627648360,1103
MSA,6621373345,1104
VSXY,6620070442,1105
LKQ,6618191939,1106
PLXS,6606963038,1107
GDS,6606449901,1108
INGM,6601926219,1109
EXP,6593193237,1110
ERAS,6564076123,1111
AROC,6553118705,1112
ESTC,6545834330,1113
LOAR,6533115586,1114
BBUC,6528060000,1115
PTCT,6526453914,1116
NAVN,6526140183,1117
ICL,6524350645,1118
LUMN,6516717518,1119
LW,6514274846,1120
ACT,6478172572,1121
NE,6470385759,1122
URBN,6467161468,1123
APPF,6466722100,1124
ORA,6461037205,1125
DSGX,6455946906,1126
DPC,6450797588,1127
COGT,6447704131,1128
GLBE,6440487149,1129
XENE,6429225731,1130
INGR,6425403021,1131
ST,6420824831,1132
FLG,6416868803,1133
CWST,6414426450,1134
HWC,6413914211,1135
GATX,6412720000,1136
TXNM,6373416785,1137
ABCB,6349520967,1138
M,6340529881,1139
IBP,6322311119,1140
KRMN,6312227621,1141
FND,6299727062,1142
STWD,6289749490,1143
VCTR,6278123042,1144
QBTS,6269379289,1145
PATH,6258841001,1146
CVLT,6256746123,1147
FBIN,6253360919,1148
SEZL,6245546239,1149
AUB,6202633224,1150
MIDD,6183986618,1151
HOMB,6180370885,1152
PSN,6170521091,1153
GXO,6156249997,1154
CGON,6154768566,1155
RUSHA,6152482078,1156
SRRK,6137607472,1157
MTG,6137447577,1158
CZR,6117436593,1159
POR,6096656979,1160
MYRG,6095009549,1161
STVN,6090163399,1162
ESNT,6087617932,1163
MMYT,6077153544,1164
LYFT,6061631623,1165
DUOL,6041729481,1166
ACIW,6024464638,1167
TFX,6022740855,1168
RUSHB,6020371184,1169
OZK,6001871803,1170
CHDN,5989752274,1171
ASB,5984544373,1172
CPA,5982779763,1173
NJR,5964464964,1174
BLCO,5954678135,1175
LGND,5951293269,1176
MCY,5934891383,1177
LB,5931079478,1178
OTEX,5930514718,1179
TV,5923980671,1180
KRG,5918374629,1181
WH,5913229473,1182
KGS,5892551468,1183
OUT,5884042504,1184
PSMT,5879855638,1185
BLLN,5875463126,1186
ENVA,5866365383,1187
GTX,5844961006,1188
BMA,5843387952,1189
NXE,5837820593,1190
WFRD,5811566826,1191
MRCY,5797779406,1192
TEO,5795574435,1193
AX,5778910070,1194
AMRX,5758361396,1195
MWH,5758152914,1196
BKH,5754143799,1197
ROAD,5739972355,1198
SBSW,5721284082,1199
NXST,5709412202,1200
DOX,5704593388,1201
SIGI,5676229191,1202
WEX,5667027995,1203
PRM,5640933839,1204
WFG,5639441260,1205
QLYS,5636157755,1206
REYN,5635919661,1207
TWST,5627458646,1208
TFPM,5598966015,1209
NTSK,5596362157,1210
ACMR,5586399078,1211
SSRM,5573027400,1212
DAVE,5565230123,1213
NOVT,5562048710,1214
OBDC,5561102276,1215
VSH,5550746346,1216
VSEC,5530625802,1217
SON,5511929412,1218
PECO,5491080000,1219
BGC,5487593777,1220
XE,5479846966,1221
GVA,5478180382,1222
ESAB,5477832037,1223
RLI,5476766378,1224
CAR,5476432580,1225
PEGA,5460516966,1226
PIPR,5448360142,1227
CLF,5444607901,1228
REZI,5443016916,1229
VRNS,5430135224,1230
TXG,5419124927,1231
BB,5418137708,1232
ENPH,5416906842,1233
EBC,5416838525,1234
WTM,5409152538,1235
ZETA,5407644088,1236
BIPC,5403585062,1237
MC,5393845267,1238
RELY,5386152401,1239
GTLB,5381998500,1240
HRB,5368294766,1241
KVYO,5367583446,1242
LPX,5324402505,1243
G,5316571686,1244
BC,5316208517,1245
BCPC,5311704488,1246
UNF,5296854272,1247
GNTX,5294181308,1248
MTN,5293003952,1249
VAL,5291182251,1250
ALK,5283962137,1251
CUZ,5278453883,1252
TKC,5275600000,1253
FTDR,5275344991,1254
STEP,5260105708,1255
AIR,5248883376,1256
CIGI,5233542309,1257
OR,5229259647,1258
RITM,5217375149,1259
KLIC,5216802844,1260
LAUR,5214191265,1261
FFIN,5210447384,1262
VSNT,5199344561,1263
SHC,5182910116,1264
TFSL,5179581644,1265
GHC,5179225439,1266
HESM,5173824013,1267
RDN,5166086365,1268
ADT,5165727151,1269
MAIN,5153506121,1270
DNTH,5152019129,1271
OMAB,5131226221,1272
PTRN,5130885126,1273
VVV,5130138778,1274
MTH,5122746854,1275
TVTX,5098800981,1276
IEP,5097772265,1277
GLNG,5077431615,1278
AMTM,5074449946,1279
INDV,5070645485,1280
CHH,5067970443,1281
SBRA,5065238058,1282
HRI,5052702547,1283
MUR,5028703126,1284
OGC,5024725895,1285
CE,5020351035,1286
XMTR,5020029281,1287
ORKA,5012086373,1288
MTRN,5011285751,1289
RDNT,5010573518,1290
UFPI,5003218751,1291
HASI,4999245300,1292
ALH,4996993684,1293
OGS,4996839065,1294
MGY,4992668803,1295
SLGN,4980951194,1296
CNO,4979209150,1297
FCN,4963216680,1298
LMND,4946682656,1299
SPHR,4945766611,1300
CMBT,4945050176,1301
GBTG,4912115049,1302
IRDM,4903652767,1303
MRP,4886807096,1304
LAZ,4884083661,1305
SAIC,4870923701,1306
KTB,4854571291,1307
SFBS,4845859259,1308
WSC,4845227557,1309
SR,4841074097,1310
NNI,4838695867,1311
CSW,4838073930,1312
SLM,4833638462,1313
ANDG,4828988654,1314
IBOC,4824642722,1315
BCO,4799805299,1316
DFTX,4796757116,1317
FULT,4788851997,1318
SKT,4770794092,1319
CAI,4770236728,1320
OTF,4762901490,1321
PRIM,4761092991,1322
HLNE,4749251773,1323
SITE,4745632867,1324
FELE,4743183516,1325
SXT,4740053696,1326
EPR,4737354679,1327
KNF,4734690353,1328
VCYT,4732501894,1329
MRX,4730416329,1330
DLB,4727067807,1331
CNX,4723767091,1332
BOOT,4719335526,1333
CBT,4706324588,1334
RGTI,4706301749,1335
KRC,4701152167,1336
SRAD,4688830755,1337
TNL,4687551254,1338
CRSP,4687411291,1339
KNSA,4682447654,1340
TREX,4672325843,1341
SKY,4672290383,1342
TBBB,4667732386,1343
RXO,4661472619,1344
CECO,4653675083,1345
CRC,4646637169,1346
MANE,4645789994,1347
TCBI,4642002461,1348
EPAM,4615013579,1349
KBR,4613252585,1350
LBRDK,4579012564,1351
LBRDA,4579012564,1352
TGS,4568506873,1353
COLD,4563470302,1354
ENO,4554597020,1355
OCTV,4517807972,1356
AQN,4517178421,1357
FHI,4513766347,1358
CVCO,4509213936,1359
MMSI,4503941553,1360
PFSI,4503444409,1361
AZZ,4502015365,1362
LIVN,4499331430,1363
WAY,4498012294,1364
EE,4488330374,1365
NWE,4488239928,1366
LIF,4487535048,1367
BILL,4475876911,1368
DOO,4467721297,1369
PAM,4463074891,1370
MMED,4462592807,1371
SEI,4454070564,1372
OPEN,4452066609,1373
ELF,4441990508,1374
INSW,4436610856,1375
SYNA,4431356093,1376
MDU,4423612498,1377
ACAD,4419597805,1378
NVST,4411553993,1379
EXLS,4410079303,1380
TENB,4409776200,1381
BRC,4406459249,1382
MARA,4397955252,1383
BOX,4384705958,1384
IPGP,4377528445,1385
LFST,4376711565,1386
ANF,4365859825,1387
BMI,4355070755,1388
SMG,4347936152,1389
BNL,4346388969,1390
DLO,4322227815,1391
OPLN,4316774089,1392
WHD,4310308262,1393
FBP,4303318673,1394
HHH,4302808465,1395
NP,4292935239,1396
CELC,4291677175,1397
DORM,4290869673,1398
FG,4289201551,1399
LILAP,4289013974,1400
EQPT,4285329147,1401
WBI,4282695890,1402
MAT,4279085000,1403
ELC,4274346730,1404
CATY,4270830112,1405
VNT,4270464000,1406
GFF,4270183346,1407
ALHC,4266986107,1408
MDA,4256843427,1409
ACLS,4256337396,1410
CDP,4252766881,1411
ATMU,4251049877,1412
HCC,4245805925,1413
RHI,4245695411,1414
CNR,4240792229,1415
PI,4237786409,1416
GPGI,4234869692,1417
OII,4233188368,1418
LBTYB,4229587202,1419
BBWI,4227759007,1420
PHI,4224970680,1421
PLNT,4223972453,1422
INDB,4216057076,1423
VKTX,4214634841,1424
AUGO,4214597917,1425
COCO,4208059536,1426
ABG,4207104048,1427
CENX,4193035501,1428
WSFS,4192147905,1429
PII,4189097338,1430
CAAP,4168479054,1431
CALM,4157769363,1432
UCTT,4145725993,1433
CNS,4131556345,1434
EWTX,4130495500,1435
TPC,4128675744,1436
MEOH,4126609788,1437
MKTX,4125597402,1438
DIOD,4124918219,1439
CAKE,4119910300,1440
HGTY,4113385736,1441
DOCS,4112792337,1442
STNG,4107377387,1443
OLLI,4100546796,1444
FOUR,4100512082,1445
RNST,4095959407,1446
CVBF,4095525099,1447
BULL,4089685534,1448
MIAX,4076259344,1449
CWEN,4074070000,1450
CON,4072383649,1451
HGV,4055992739,1452
BANF,4049174817,1453
BBAR,4040822971,1454
ICUI,4037088817,1455
MIR,4031766395,1456
CHEF,4030868627,1457
CVSA,4027725631,1458
TNGX,4021213900,1459
THO,4019870343,1460
KFY,4010074450,1461
BETA,4003616930,1462
MWA,3999400779,1463
IRT,3994715106,1464
PDI,3992753250,1465
POST,3989294020,1466
BFH,3984136609,1467
GEO,3980488680,1468
CLBT,3978565081,1469
LFTO,3974992528,1470
SKYW,3972175444,1471
APLE,3971836596,1472
LION,3965695608,1473
WSBC,3946288377,1474
TAC,3942872000,1475
IPAR,3933726680,1476
FIBK,3917772310,1477
BDC,3917380984,1478
TDS,3913013000,1479
LBRT,3910066327,1480
MHO,3907097842,1481
GPI,3903023741,1482
OTTR,3886052924,1483
CSTM,3876884064,1484
CRK,3873848024,1485
WING,3870835083,1486
POWI,3862369991,1487
BWIN,3852177228,1488
EXTR,3842260225,1489
FA,3838999112,1490
NHI,3833092927,1491
IRTC,3827156036,1492
GNW,3824347421,1493
ZGN,3815397351,1494
VEON,3811840293,1495
LOPE,3809839192,1496
FFBC,3791098283,1497
LRN,3784710760,1498
YETI,3783370651,1499
DK,3764893705,1500
FRMI,3764875881,1501
RLAY,3760836419,1502
ITRI,3759976626,1503
CII,3748814269,1504
PAY,3747264349,1505
DYN,3742704341,1506
HAFN,3740863068,1507
TDW,3736015232,1508
MNDY,3731905831,1509
KAI,3731473992,1510
GMAB,3724542896,1511
OLED,3715994571,1512
ALM,3715599513,1513
AGO,3715298730,1514
PTEN,3706966382,1515
LASR,3698719049,1516
PARR,3693627444,1517
SXI,3689962943,1518
HIW,3686967624,1519
MCHB,3675257928,1520
BATRA,3674401813,1521
NAMS,3674292060,1522
SLG,3672157057,1523
PVH,3669743042,1524
NIC,3669460177,1525
LBTYA,3642989777,1526
CCC,3641966026,1527
FHB,3615407478,1528
USAR,3614098868,1529
CLMT,3611377772,1530
BLSH,3603495437,1531
STUB,3587303411,1532
RH,3583621832,1533
BKD,3581846940,1534
PLMR,3575372198,1535
DNLI,3574143277,1536
CHRN,3574099880,1537
HAE,3573872103,1538
OSIS,3573490552,1539
XXI,3561270502,1540
QS,3555538539,1541
PRVA,3551028699,1542
OGN,3547737646,1543
CALY,3544893863,1544
JOE,3539023792,1545
LBTYK,3533108415,1546
NAN,3525002228,1547
CURB,3524903700,1548
KBH,3522550422,1549
ADPT,3520976624,1550
SIG,3520802174,1551
NSIT,3520568566,1552
OPCH,3504853889,1553
ONDS,3502180228,1554
ARCB,3501869956,1555
NSA,3490821748,1556
AVA,3488168130,1557
RNG,3486840754,1558
KEN,3479798752,1559
ALMS,3474156455,1560
QTWO,3473071468,1561
GEF,3468527560,1562
GBDC,3467190859,1563
MSGE,3462506603,1564
NATL,3462486812,1565
HG,3454008015,1566
WDFC,3451756917,1567
VAC,3449073918,1568
ARQT,3448548621,1569
CRGY,3447826996,1570
AVNT,3439131263,1571
PBLS,3431895779,1572
SFNC,3430043222,1573
ACHR,3429585011,1574
LXP,3421898559,1575
AWR,3419558974,1576
PPLI,3416989629,1577
CNK,3413122257,1578
BOH,3405822621,1579
LPL,3395000000,1580
CVI,3373806902,1581
HP,3369671701,1582
RCUS,3362545486,1583
BELFB,3353960019,1584
NIQ,3349797482,1585
WRBY,3349512367,1586
SBCF,3348692594,1587
KYIV,3347522548,1588
CLSK,3346176222,1589
VECO,3345550480,1590
ITGR,3343193448,1591
PENG,3339230480,1592
BATRK,3330026467,1593
BANC,3286635946,1594
COLM,3285795886,1595
AAP,3280097393,1596
GPK,3262158442,1597
BWLP,3261298950,1598
BRZE,3259396855,1599
UWMC,3258214330,1600
CARG,3253048625,1601
CSQ,3252429622,1602
CWK,3252091009,1603
NMIH,3242480308,1604
GRBK,3226910506,1605
CRVL,3219181713,1606
HAYW,3218645986,1607
SAH,3218403829,1608
TTAM,3212515953,1609
WK,3204975279,1610
SHOO,3201142097,1611
CPK,3193473380,1612
PFS,3191382195,1613
EMAT,3189786014,1614
IDYA,3172657821,1615
APAM,3163684451,1616
SKE,3128562866,1617
ASH,3127763047,1618
FBK,3126443674,1619
AGYS,3122693324,1620
FSLY,3115915000,1621
EXPO,3115901931,1622
SEDG,3113891942,1623
HUBG,3112713659,1624
FSK,3110137738,1625
FUL,3108912356,1626
MMS,3102771137,1627
ELVN,3095798405,1628
UAA,3080197345,1629
ACHC,3078596229,1630
EEFT,3078062942,1631
WT,3071060641,1632
GRAL,3069394731,1633
CSAN,3069134259,1634
HNI,3068337739,1635
XNDU,3065712479,1636
CXW,3061586722,1637
ETOR,3056733337,1638
CWT,3054012694,1639
HTGC,3052839796,1640
FRSH,3043540179,1641
BTE,3028397815,1642
AD,3021408000,1643
TRMD,3020727996,1644
CGAU,3018621502,1645
FLY,3014825608,1646
MGEE,3012556347,1647
KN,3003179166,1648
TR,3001585257,1649
UA,2999195615,1650
AADX,2994841306,1651
CDNL,2992106758,1652
FIZZ,2990438598,1653
MZTI,2985844470,1654
PHIN,2983856975,1655
AXTI,2978992345,1656
HWKN,2977803084,1657
ASO,2977191900,1658
CXT,2973214103,1659
TRN,2972710757,1660
RARE,2968465211,1661
ZIM,2965786329,1662
PLUG,2964521799,1663
UE,2962099959,1664
TDC,2959445000,1665
UPST,2954616135,1666
AAMI,2950080206,1667
DBD,2944452172,1668
PK,2938875982,1669
SBLK,2937704151,1670
MGRC,2937587692,1671
AKR,2935374345,1672
ARX,2934808023,1673
BEAM,2930000015,1674
DAN,2925610944,1675
BXMT,2923285402,1676
AEO,2919965328,1677
ICHR,2919006916,1678
DHT,2913243213,1679
WAFD,2911206112,1680
LUNR,2907234335,1681
SPNT,2904466032,1682
LEU,2902917483,1683
TBBK,2898173299,1684
DX,2892703945,1685
MPT,2891813500,1686
WIX,2890541757,1687
MGNI,2885782310,1688
NTCT,2883044545,1689
PENN,2880309344,1690
DBRG,2877836188,1691
FCPT,2877623945,1692
PATK,2876841284,1693
ADEA,2866534537,1694
RUN,2865000792,1695
BKV,2863741476,1696
GRND,2858722340,1697
ATRO,2852750024,1698
BGSI,2844371691,1699
FRME,2843586074,1700
VC,2840243834,1701
VGNT,2840000020,1702
EFXT,2839277350,1703
IVT,2839203271,1704
VERA,2837578195,1705
IRON,2834754395,1706
BELFA,2822787002,1707
BCC,2818345956,1708
AVPT,2816648449,1709
HOG,2812769029,1710
ABM,2811298495,1711
NVTS,2811211627,1712
XRAY,2809581729,1713
TNET,2804001562,1714
AMBP,2803211058,1715
TRMK,2796656703,1716
FRPT,2793767668,1717
SUPN,2791565481,1718
NMRK,2790735711,1719
PLBL,2782712835,1720
ARIS,2782272000,1721
CENT,2779394003,1722
BTU,2779034201,1723
CLDX,2777049507,1724
SMR,2775829380,1725
WOR,2774913682,1726
BHE,2774550579,1727
MBX,2772794460,1728
NBTB,2763563677,1729
WERN,2762501299,1730
GPOR,2759238376,1731
TOWN,2754125650,1732
WTTR,2753226103,1733
AMBA,2749219154,1734
GCMG,2741804876,1735
PTON,2738673926,1736
IHS,2736175565,1737
SOUN,2735147370,1738
FBNC,2731604766,1739
ATS,2730330379,1740
VISN,2727136839,1741
STNE,2725372272,1742
BTDR,2725112914,1743
EROK,2723316179,1744
CTRI,2717161101,1745
CUBI,2704315786,1746
OSW,2700294904,1747
GDV,2699332517,1748
KMT,2694789242,1749
HTO,2680704625,1750
KWR,2679902806,1751
ESTA,2674486691,1752
SII,2670300000,1753
ALRM,2669882270,1754
TMDX,2663263802,1755
PAGS,2661154426,1756
SDRL,2659422505,1757
AYA,2659137844,1758
AAUC,2657119500,1759
HLIO,2650317912,1760
CC,2619579691,1761
DJT,2617213675,1762
AEHR,2616480727,1763
KD,2616436673,1764
ATAI,2615824219,1765
BBT,2615061883,1766
WU,2613519645,1767
LCII,2608716399,1768
KALU,2604692596,1769
NGVT,2602313280,1770
FLNC,2600194850,1771
WHR,2598434805,1772
ANDE,2597643392,1773
WLY,2596392158,1774
SA,2592098486,1775
ATEN,2586894428,1776
DXPE,2582487240,1777
ASTH,2578825243,1778
BUSE,2572837207,1779
KOD,2564777404,1780
GRDN,2561319645,1781
SHAK,2548495206,1782
CMPR,2545581055,1783
DRVN,2535373167,1784
ERO,2529783504,1785
DRH,2525458799,1786
OLN,2523572329,1787
PGNY,2523085638,1788
IMNM,2518688763,1789
DCO,2517704369,1790
WLYB,2516698401,1791
TNK,2514277994,1792
DNOW,2513658200,1793
EFSC,2506493501,1794
PBI,2500248706,1795
TARS,2499046659,1796
QURE,2498733756,1797
NTB,2494800000,1798
RUM,2490305143,1799
SLBT,2484165724,1800
FSM,2477574343,1801
ATKR,2459607655,1802
SPSC,2452041367,1803
TRVI,2451279659,1804
PLUS,2446803290,1805
BANR,2443823659,1806
LCID,2443007618,1807
BLBD,2439635546,1808
VCEL,2439273910,1809
CENTA,2437757550,1810
NYAX,2437313882,1811
INTR,2429475755,1812
MAN,2424892812,1813
CALX,2419262601,1814
SKWD,2414643594,1815
SYBT,2411390860,1816
PBH,2402242538,1817
DAC,2398853936,1818
DGII,2392016016,1819
COHU,2391790093,1820
CLBK,2389970363,1821
NRIX,2384384167,1822
ROG,2379923657,1823
HE,2376329364,1824
RGC,2376019203,1825
PAYO,2373580728,1826
YSS,2370814692,1827
CLOV,2367446036,1828
OUST,2365345416,1829
KLRA,2365220174,1830
VVX,2358911146,1831
KEEL,2354133690,1832
CTOS,2353929697,1833
TALO,2353654034,1834
SHAZ,2351247843,1835
BCRX,2344650539,1836
SLDE,2339299803,1837
LMAT,2338887390,1838
NWL,2334978107,1839
PHVS,2334522840,1840
MTX,2327670618,1841
LCLN,2319601333,1842
HTH,2319551707,1843
MBIN,2317900688,1844
INTA,2308765386,1845
CBZ,2305822501,1846
AGIO,2305119565,1847
NWBI,2294213728,1848
RAMP,2285141544,1849
HAPN,2279334278,1850
HCI,2274816434,1851
FLYW,2266806044,1852
HTFL,2262096918,1853
MCRI,2260045872,1854
NEOG,2259446166,1855
EROC,2250487910,1856
NKTR,2248798290,1857
ECO,2246629449,1858
UTI,2236317989,1859
RNW,2231030236,1860
BKE,2229702762,1861
DHC,2227383719,1862
BAND,2219599808,1863
BLX,2215197376,1864
AGM,2210754567,1865
PSNY,2207279220,1866
MLYS,2203111787,1867
EXK,2198310855,1868
STC,2193184143,1869
PLGO,2189677271,1870
BOBS,2188663528,1871
VSTS,2186339107,1872
NOG,2180884001,1873
MD,2176641251,1874
FCF,2171471537,1875
COTY,2170349770,1876
SGRY,2169940512,1877
NWN,2165034110,1878
GTY,2164114932,1879
SLS,2162628673,1880
BGR,2162599794,1881
OFG,2157713444,1882
BHVN,2156758002,1883
AVAH,2152510182,1884
OMCL,2151379790,1885
NTST,2148000506,1886
IOVA,2147676525,1887
NBHC,2144524921,1888
DEI,2143811418,1889
SHO,2141418149,1890
VERX,2133556235,1891
EVCM,2132432898,1892
PPTA,2132235804,1893
ARR,2129871812,1894
ADUS,2122185031,1895
PEB,2114336233,1896
GRC,2112027133,1897
IMAX,2109455793,1898
LTC,2109443709,1899
AXGN,2105044163,1900
PVLA,2104668929,1901
HUN,2099805616,1902
HMN,2097801885,1903
IOSP,2096594721,1904
TGLS,2090026482,1905
AIN,2079732000,1906
SION,2079624200,1907
COAG,2077456637,1908
AGL,2077047938,1909
AUPH,2071216885,1910
JBLU,2070285145,1911
GT,2062372177,1912
ADMA,2059554769,1913
PRDO,2048197839,1914
SPB,2045343286,1915
SRCE,2043879679,1916
PDFS,2043560597,1917
SNDX,2032834027,1918
KARO,2031080009,1919
RDW,2020462419,1920
LOB,2017502872,1921
NEXT,2012621736,1922
CDNA,2005426218,1923
KSS,1998107877,1924
INOD,1996058758,1925
MFP,1995569400,1926
ALG,1994999835,1927
NUVB,1993456284,1928
NCNO,1993315925,1929
GNL,1985797696,1930
KYN,1982075077,1931
TILE,1979716147,1932
WMK,1979567760,1933
GSHD,1978094330,1934
CASH,1972099376,1935
CNXN,1971667834,1936
SIND,1969090860,1937
EZPW,1966689857,1938
OCUL,1966264015,1939
ALGT,1963018266,1940
TCBK,1959948438,1941
FUN,1958738548,1942
NN,1958552259,1943
ECPG,1958367232,1944
UFPT,1956749242,1945
URGN,1950573300,1946
CPRI,1950072501,1947
INFQ,1949589221,1948
RVT,1948618706,1949
ZD,1948224306,1950
SMA,1946366946,1951
ALKT,1941327816,1952
CHCO,1940567548,1953
FIVN,1935537617,1954
HRMY,1932457525,1955
BTX,1932349646,1956
APPN,1931472877,1957
GLUE,1927397922,1958
GHRS,1926079525,1959
WKC,1925315858,1960
EVTC,1918241309,1961
HURN,1916319247,1962
GFUZ,1915719247,1963
XHR,1915023535,1964
STGW,1906075706,1965
NVRI,1905537070,1966
SNDA,1904876090,1967
MH,1903197872,1968
NEO,1901743047,1969
TY,1895760613,1970
PRG,1894299866,1971
NVCR,1890197741,1972
AMLX,1887943663,1973
TFIN,1887359738,1974
AAPG,1887143681,1975
RAPP,1884859272,1976
NSP,1882504056,1977
MQ,1876334131,1978
TYRA,1874506409,1979
AMR,1874008431,1980
SAM,1873274081,1981
IIPR,1872354763,1982
XPRO,1868754264,1983
WGS,1863517455,1984
CMRE,1863096327,1985
DMRA,1861368587,1986
BVC,1859760000,1987
FLO,1858120661,1988
GABC,1850418206,1989
MIY,1849117515,1990
VRDN,1842976351,1991
BHC,1842896049,1992
SSMR,1842191909,1993
PLSE,1840286242,1994
ANIP,1840109995,1995
DV,1836199021,1996
SRPT,1834914738,1997
BFLY,1830194284,1998
ATEX,1828371813,1999
MUJ,1828290769,2000
